id,item_id,dept_id,cat_id,store_id,state_id
FOODS_1_001_CA_1_validation,FOODS_1_001,FOODS_1,FOODS,CA_1,CA
FOODS_1_001_CA_2_validation,FOODS_1_001,FOODS_1,FOODS,CA_2,CA
FOODS_1_001_CA_3_validation,FOODS_1_001,FOODS_1,FOODS,CA_3,CA
FOODS_1_001_CA_4_validation,FOODS_1_001,FOODS_1,FOODS,CA_4,CA
HOBBIES_1_001_CA_1_validation,HOBBIES_1_001,HOBBIES_1,HOBBIES,CA_1,CA
HOBBIES_1_001_CA_2_validation,HOBBIES_1_001,HOBBIES_1,HOBBIES,CA_2,CA
HOBBIES_1_001_CA_3_validation,HOBBIES_1_001,HOBBIES_1,HOBBIES,CA_3,CA
HOBBIES_1_001_CA_4_validation,HOBBIES_1_001,HOBBIES_1,HOBBIES,CA_4,CA
HOUSEHOLD_1_001_CA_1_validation,HOUSEHOLD_1_001,HOUSEHOLD_1,HOUSEHOLD,CA_1,CA
HOUSEHOLD_1_001_CA_2_validation,HOUSEHOLD_1_001,HOUSEHOLD_1,HOUSEHOLD,CA_2,CA
HOUSEHOLD_1_001_CA_3_validation,HOUSEHOLD_1_001,HOUSEHOLD_1,HOUSEHOLD,CA_3,CA
HOUSEHOLD_1_001_CA_4_validation,HOUSEHOLD_1_001,HOUSEHOLD_1,HOUSEHOLD,CA_4,CA
FOODS_1_001_TX_1_validation,FOODS_1_001,FOODS_1,FOODS,TX_1,TX
FOODS_1_001_TX_2_validation,FOODS_1_001,FOODS_1,FOODS,TX_2,TX
FOODS_1_001_TX_3_validation,FOODS_1_001,FOODS_1,FOODS,TX_3,TX
FOODS_1_002_TX_1_validation,FOODS_1_002,FOODS_1,FOODS,TX_1,TX
HOBBIES_1_001_TX_1_validation,HOBBIES_1_001,HOBBIES_1,HOBBIES,TX_1,TX
HOBBIES_1_001_TX_2_validation,HOBBIES_1_001,HOBBIES_1,HOBBIES,TX_2,TX
HOBBIES_1_001_TX_3_validation,HOBBIES_1_001,HOBBIES_1,HOBBIES,TX_3,TX
HOBBIES_1_002_TX_1_validation,HOBBIES_1_002,HOBBIES_1,HOBBIES,TX_1,TX
HOUSEHOLD_1_001_TX_1_validation,HOUSEHOLD_1_001,HOUSEHOLD_1,HOUSEHOLD,TX_1,TX
HOUSEHOLD_1_001_TX_2_validation,HOUSEHOLD_1_001,HOUSEHOLD_1,HOUSEHOLD,TX_2,TX
HOUSEHOLD_1_001_TX_3_validation,HOUSEHOLD_1_001,HOUSEHOLD_1,HOUSEHOLD,TX_3,TX
HOUSEHOLD_1_002_TX_1_validation,HOUSEHOLD_1_002,HOUSEHOLD_1,HOUSEHOLD,TX_1,TX
FOODS_1_001_WI_1_validation,FOODS_1_001,FOODS_1,FOODS,WI_1,WI
FOODS_1_001_WI_2_validation,FOODS_1_001,FOODS_1,FOODS,WI_2,WI
FOODS_1_001_WI_3_validation,FOODS_1_001,FOODS_1,FOODS,WI_3,WI
FOODS_1_002_WI_1_validation,FOODS_1_002,FOODS_1,FOODS,WI_1,WI
HOBBIES_1_001_WI_1_validation,HOBBIES_1_001,HOBBIES_1,HOBBIES,WI_1,WI
HOBBIES_1_001_WI_2_validation,HOBBIES_1_001,HOBBIES_1,HOBBIES,WI_2,WI
HOBBIES_1_001_WI_3_validation,HOBBIES_1_001,HOBBIES_1,HOBBIES,WI_3,WI
HOBBIES_1_002_WI_1_validation,HOBBIES_1_002,HOBBIES_1,HOBBIES,WI_1,WI
HOUSEHOLD_1_001_WI_1_validation,HOUSEHOLD_1_001,HOUSEHOLD_1,HOUSEHOLD,WI_1,WI
HOUSEHOLD_1_001_WI_2_validation,HOUSEHOLD_1_001,HOUSEHOLD_1,HOUSEHOLD,WI_2,WI
HOUSEHOLD_1_001_WI_3_validation,HOUSEHOLD_1_001,HOUSEHOLD_1,HOUSEHOLD,WI_3,WI
HOUSEHOLD_1_002_WI_1_validation,HOUSEHOLD_1_002,HOUSEHOLD_1,HOUSEHOLD,WI_1,WI
