product_id,observations,mae,bias,rmse,p90_absolute_error,p95_absolute_error
P004,60,33.244875199448494,7.526565531847019,43.14269904755495,59.76909596209021,71.80967236508145
P024,60,32.09703569390651,7.651977958587799,41.857399820245256,61.0802266769616,81.86434989180907
P001,60,31.262746440329625,2.4877185692707604,42.07910293802561,60.43880092992895,101.58938799953351
P026,60,26.59122353826938,8.462626690242534,35.25308329117096,62.79284859858171,72.06492961540249
P002,60,25.914321100950783,4.1483406499511535,31.485421636118943,50.449010162332264,66.61392319399047
P005,60,23.636808092568515,5.427146581937292,31.18268338053839,50.031131060868276,70.45379064842862
P011,60,23.072488275454116,8.987923474266445,29.77907065794352,46.77000952646183,59.34335619867242
P009,60,22.72024583680455,5.5077906712814615,28.78037456962821,41.767448113492854,56.392421058670266
P031,60,22.4184247306093,11.082096871480186,28.12340075861859,49.41173641798665,51.036853817642935
P013,60,19.82156021793712,0.3130471482884133,25.164568553722805,44.596794141766715,50.55670540862698
P029,60,19.700126861284037,-2.073052395724597,25.352571541337326,43.54448373693332,46.26065266145572
P036,60,19.227994978939293,0.7648773819484098,26.9698927927604,41.351445582266095,54.02644266746496
P008,60,19.215141466980963,5.742012598231687,23.72325517961181,37.23047119972907,42.23219509003892
P022,60,19.08476545782847,4.399248134624176,25.357829398900826,49.95661844727743,53.25387245081809
P033,60,18.225590789513955,3.7126151614040364,23.71934524271161,43.11095788309852,47.91757647407253
P018,60,17.109936586332978,-3.7849214403757308,24.078458804501555,29.757322862391646,54.31232158301011
P027,60,16.985377112958563,-1.4285304044443725,21.765412660062267,38.25023330447757,47.268583384246085
P006,60,16.741535286713628,3.5797390427024616,24.165764296297,30.107615345498587,37.66305127535112
P021,60,15.866252011913476,0.9315689195136521,20.282107959194963,29.734606817575408,40.62868209179569
P003,60,15.766677618490228,4.866271704392049,20.58314681967371,37.25395144222647,39.07404619735317
P040,60,14.992673887146056,1.4872980467850794,17.42424675263189,26.042834431755345,30.261817885027103
P010,60,14.345752865550613,2.4349623568595264,17.399418334004128,26.01354295960086,29.602683496067044
P023,60,14.135294622065654,-2.7525770274966113,18.674679503983324,27.051003590899636,35.5264322670332
P012,60,13.993299383754817,1.342329914608784,19.501212365462898,26.720192079610456,30.641162718897892
P014,60,12.259113181718602,-2.272295807879871,15.225468119527495,25.34192250537185,29.71649542975914
P016,60,11.315941097147897,-2.0865596012250274,14.966065875575918,24.313330890903398,29.39127291080453
P039,60,10.423200729314145,-3.684590850529708,14.020414880910337,21.14127896964698,28.420914952733742
P032,60,10.362095859750566,-1.4383942224285604,12.915079125833705,24.16500179039227,25.475216883976092
P028,60,10.30321115303075,-1.2262228797832155,13.015489159917495,18.883683659889222,21.949217436856078
P035,60,9.696873318610898,0.265439372124213,13.459885127785359,21.696927751174627,24.42987088867728
P037,60,9.23036502255719,-0.8308473729036076,11.846974328517707,18.99590815711862,21.768341863299476
P025,60,8.927421763656039,-0.9803741369994537,12.316777204980784,19.098044914898665,22.547243780690092
P019,60,8.498025546538635,-0.3636761854073154,15.573963539982188,16.084232016440392,16.876643583138
P017,60,8.240064258725592,0.7064945202935525,11.889159741881793,18.043339149227073,21.132665928855236
P007,60,7.668350985924658,1.7250556729048858,16.253162345765237,13.836925830275305,14.856181961153247
P030,60,7.511835045629143,-0.7545453802698714,9.335913204715443,15.826364043812958,17.742919978132726
P038,60,6.742361330424789,1.5289936957599346,11.614079452022107,13.608338498917291,14.727702609780074
P020,60,4.96243842167316,-2.1417535210481082,7.236237041435746,9.673403565245469,12.562201581591292
P034,60,4.7419894481848734,-1.3786103862005892,5.708288349363539,8.924387315427133,9.885536001924315
P015,60,3.2867541732400043,0.28016532161854923,4.262373545851649,7.498234171562065,8.667999826185156
