avg_inventory,stockout_days,cycle_service_level_%,lost_units,total_units_ordered,avg_daily_forecast,protection_period_days,reorder_point,target_level,safety_stock,inventory_capacity,product_id,z_score,oof_error_std
520.960502447138,1,98.33,112.1,5862.9,102.65,10,1151.9,1151.9,125.4,,P001,1.28,30.98096379463303
541.9460360843906,1,98.33,20.5,6151.5,104.9,10,1184.5,1184.5,135.4,,P002,1.28,33.46094220074016
583.0143686296681,1,98.33,18.1,7223.9,122.67,10,1327.9,1327.9,101.3,,P003,1.28,25.0188142417967
663.025129043186,1,98.33,45.2,8158.8,135.62,10,1500.8,1500.8,144.6,,P004,1.28,35.7149321709728
555.8681105564502,0,100.0,0.0,6639.0,111.39,10,1232.0,1232.0,118.1,,P005,1.28,29.17025973783937
467.8275140248705,0,100.0,0.0,6254.0,105.52,10,1122.3,1122.3,67.1,,P006,1.28,16.587522688815195
131.92704678032132,3,95.0,69.4,1555.6,26.81,10,297.6,297.6,29.5,,P007,1.28,7.297271541074243
563.2828965984993,3,95.0,107.4,7790.6,131.79,10,1400.3,1400.3,82.4,,P008,1.28,20.35262942272522
490.356765874594,0,100.0,0.0,6137.0,101.11,10,1127.4,1127.4,116.4,,P009,1.28,28.744940691705768
515.5380521496321,0,100.0,0.0,6253.0,107.08,10,1158.5,1158.5,87.7,,P010,1.28,21.6552631828516
594.9558204557308,1,98.33,185.5,7711.5,129.26,10,1418.5,1418.5,125.9,,P011,1.28,31.105245508699607
487.8335093979624,0,100.0,0.0,5814.0,100.87,10,1093.2,1093.2,84.5,,P012,1.28,20.86530303968496
530.8265996200824,1,98.33,8.7,5836.3,101.92,10,1139.3,1139.3,120.1,,P013,1.28,29.675083235472044
527.7086708308021,1,98.33,73.5,5948.5,107.24,10,1129.5,1129.5,57.1,,P014,1.28,14.116508971390557
124.70893332155623,0,100.0,0.0,1373.0,23.67,10,267.2,267.2,30.5,,P015,1.28,7.541847721453443
295.2645235128744,0,100.0,0.0,3097.0,56.47,10,618.4,618.4,53.7,,P016,1.28,13.270595581085496
193.6196980291823,2,96.67,10.2,2360.8,40.93,10,454.9,454.9,45.6,,P017,1.28,11.271076302843104
453.4409161784879,1,98.33,34.3,4975.7,91.28,10,979.7,979.7,66.9,,P018,1.28,16.52544647305118
201.2249098320488,2,96.67,57.9,1886.1,34.56,10,388.1,388.1,42.5,,P019,1.28,10.502267732765807
142.53773000367042,0,100.0,0.0,1138.0,22.08,10,262.4,262.4,41.7,,P020,1.28,10.29062667669514
447.00964826804534,0,100.0,0.0,4891.0,85.99,10,949.7,949.7,89.9,,P021,1.28,22.208084100592476
350.165012432394,2,96.67,109.0,4343.0,73.48,10,808.0,808.0,73.2,,P022,1.28,18.079240309471995
389.5973682095261,0,100.0,0.0,4102.0,72.9,10,800.3,800.3,71.3,,P023,1.28,17.607857965075166
624.8938458131241,1,98.33,13.8,7991.2,133.05,10,1456.2,1456.2,125.8,,P024,1.28,31.070039767417594
440.8808481955809,0,100.0,0.0,5050.0,90.15,10,968.8,968.8,67.3,,P025,1.28,16.6251247330455
528.2468241827193,1,98.33,81.5,7132.5,117.52,10,1283.5,1283.5,108.3,,P026,1.28,26.76268459209602
370.01386057241893,0,100.0,0.0,4024.0,71.8,10,797.0,797.0,79.1,,P027,1.28,19.536590055217047
219.02534581401284,0,100.0,0.0,2080.0,37.89,10,435.5,435.5,56.5,,P028,1.28,13.969966929850669
476.6382231043663,0,100.0,0.0,4844.0,87.36,10,979.4,979.4,105.8,,P029,1.28,26.140103381777763
226.179339836564,0,100.0,0.0,2208.0,39.37,10,465.0,465.0,71.3,,P030,1.28,17.623246423272583
623.6444125840268,1,98.33,104.1,8098.9,133.27,10,1457.9,1457.9,125.3,,P031,1.28,30.945068231198658
423.57423856372253,0,100.0,0.0,4867.0,86.64,10,924.5,924.5,58.1,,P032,1.28,14.355496173002507
364.88904382384703,2,96.67,50.0,4170.0,70.89,10,792.0,792.0,83.1,,P033,1.28,20.53337591176773
175.12384197088414,0,100.0,0.0,1980.0,36.0,10,387.2,387.2,27.2,,P034,1.28,6.720928240615928
253.10849825001708,1,98.33,12.8,3036.2,53.17,10,575.2,575.2,43.5,,P035,1.28,10.757279147785539
432.6641581450973,0,100.0,0.0,4885.0,86.24,10,960.5,960.5,98.1,,P036,1.28,24.23908850978253
198.1413870560346,0,100.0,0.0,1840.0,33.18,10,389.1,389.1,57.2,,P037,1.28,14.143677177186717
199.0872908096243,1,98.33,3.3,2631.7,44.9,10,477.7,477.7,28.6,,P038,1.28,7.0741749359798085
310.02057990036127,0,100.0,0.0,3030.0,56.88,10,622.4,622.4,53.6,,P039,1.28,13.235780195583885
338.66454978493607,0,100.0,0.0,3838.0,65.46,10,737.2,737.2,82.6,,P040,1.28,20.399374788999893
552.3763471570445,1,98.33,75.9,5899.1,102.65,10,1188.1,1188.1,161.7,,P001,1.65,30.98096379463303
578.3576970163053,0,100.0,0.0,6172.0,104.9,10,1223.6,1223.6,174.6,,P002,1.65,33.46094220074016
609.8794046012943,0,100.0,0.0,7242.0,122.67,10,1357.2,1357.2,130.5,,P003,1.65,25.0188142417967
699.2413930156617,1,98.33,3.4,8200.6,135.62,10,1542.6,1542.6,186.4,,P004,1.65,35.7149321709728
589.9985610192532,0,100.0,0.0,6639.0,111.39,10,1266.1,1266.1,152.2,,P005,1.65,29.17025973783937
487.23562442633,0,100.0,0.0,6254.0,105.52,10,1141.8,1141.8,86.5,,P006,1.65,16.587522688815195
139.18444839490832,3,95.0,60.8,1564.2,26.81,10,306.2,306.2,38.1,,P007,1.65,7.297271541074243
583.6938644868604,2,96.67,81.9,7816.1,131.79,10,1424.1,1424.1,106.2,,P008,1.65,20.35262942272522
523.9895748777251,0,100.0,0.0,6137.0,101.11,10,1161.1,1161.1,150.0,,P009,1.65,28.744940691705768
540.8756354952657,0,100.0,0.0,6253.0,107.08,10,1183.8,1183.8,113.0,,P010,1.65,21.6552631828516
626.4976914266432,1,98.33,149.1,7747.9,129.26,10,1454.9,1454.9,162.3,,P011,1.65,31.105245508699607
512.2468056177269,0,100.0,0.0,5814.0,100.87,10,1117.6,1117.6,108.9,,P012,1.65,20.86530303968496
564.3902689360804,0,100.0,0.0,5845.0,101.92,10,1174.0,1174.0,154.8,,P013,1.65,29.675083235472044
542.0233337519098,1,98.33,57.0,5965.0,107.24,10,1146.0,1146.0,73.7,,P014,1.65,14.116508971390557
133.53321745095545,0,100.0,0.0,1373.0,23.67,10,276.0,276.0,39.4,,P015,1.65,7.541847721453443
310.79168745185683,0,100.0,0.0,3097.0,56.47,10,633.9,633.9,69.2,,P016,1.65,13.270595581085496
205.44480491464546,0,100.0,0.0,2371.0,40.93,10,468.1,468.1,58.8,,P017,1.65,11.271076302843104
470.19833094455737,1,98.33,14.9,4995.1,91.28,10,999.1,999.1,86.2,,P018,1.65,16.52544647305118
211.66979657794874,2,96.67,45.6,1898.4,34.56,10,400.4,400.4,54.8,,P019,1.65,10.502267732765807
154.57820297774336,0,100.0,0.0,1138.0,22.08,10,274.4,274.4,53.7,,P020,1.65,10.29062667669514
472.9940557118295,0,100.0,0.0,4891.0,85.99,10,975.7,975.7,115.9,,P021,1.65,22.208084100592476
365.6775671934525,2,96.67,66.7,4385.3,73.48,10,829.2,829.2,94.3,,P022,1.65,18.079240309471995
410.1993144874848,0,100.0,0.0,4102.0,72.9,10,820.9,820.9,91.9,,P023,1.65,17.607857965075166
659.4128399649179,0,100.0,0.0,8005.0,133.05,10,1492.6,1492.6,162.1,,P024,1.65,31.070039767417594
460.33295459568524,0,100.0,0.0,5050.0,90.15,10,988.2,988.2,86.7,,P025,1.65,16.6251247330455
555.3851775515432,1,98.33,50.2,7163.8,117.52,10,1314.8,1314.8,139.6,,P026,1.65,26.76268459209602
392.87250581878675,0,100.0,0.0,4024.0,71.8,10,819.9,819.9,101.9,,P027,1.65,19.536590055217047
235.37080411816925,0,100.0,0.0,2080.0,37.89,10,451.8,451.8,72.9,,P028,1.65,13.969966929850669
507.2232611390807,0,100.0,0.0,4844.0,87.36,10,1010.0,1010.0,136.4,,P029,1.65,26.140103381777763
246.79929126822807,0,100.0,0.0,2208.0,39.37,10,485.7,485.7,92.0,,P030,1.65,17.623246423272583
655.0238578631705,1,98.33,67.9,8135.1,133.27,10,1494.1,1494.1,161.5,,P031,1.65,30.945068231198658
440.37078255767454,0,100.0,0.0,4867.0,86.64,10,941.3,941.3,74.9,,P032,1.65,14.355496173002507
385.51043265291196,1,98.33,26.0,4194.0,70.89,10,816.0,816.0,107.1,,P033,1.65,20.53337591176773
182.98761522631514,0,100.0,0.0,1980.0,36.0,10,395.0,395.0,35.1,,P034,1.65,6.720928240615928
264.0167777163417,1,98.33,0.2,3048.8,53.17,10,587.8,587.8,56.1,,P035,1.65,10.757279147785539
461.0249275411092,0,100.0,0.0,4885.0,86.24,10,988.8,988.8,126.5,,P036,1.65,24.23908850978253
214.69009377295336,0,100.0,0.0,1840.0,33.18,10,405.6,405.6,73.8,,P037,1.65,14.143677177186717
206.9213968932846,0,100.0,0.0,2635.0,44.9,10,486.0,486.0,36.9,,P038,1.65,7.0741749359798085
325.50700835049696,0,100.0,0.0,3030.0,56.88,10,637.9,637.9,69.1,,P039,1.65,13.235780195583885
362.5326900402989,0,100.0,0.0,3838.0,65.46,10,761.1,761.1,106.4,,P040,1.65,20.399374788999893
586.3394225191057,1,98.33,36.7,5938.3,102.65,10,1227.3,1227.3,200.8,,P001,2.05,30.98096379463303
620.6828130201397,0,100.0,0.0,6172.0,104.9,10,1265.9,1265.9,216.9,,P002,2.05,33.46094220074016
641.5259795455888,0,100.0,0.0,7242.0,122.67,10,1388.9,1388.9,162.2,,P003,2.05,25.0188142417967
743.9624355658572,0,100.0,0.0,8204.0,135.62,10,1587.8,1587.8,231.5,,P004,2.05,35.7149321709728
626.8963453033646,0,100.0,0.0,6639.0,111.39,10,1303.0,1303.0,189.1,,P005,2.05,29.17025973783937
508.21736540088045,0,100.0,0.0,6254.0,105.52,10,1162.7,1162.7,107.5,,P006,2.05,16.587522688815195
147.03028797824567,3,95.0,51.6,1573.4,26.81,10,315.4,315.4,47.3,,P007,2.05,7.297271541074243
606.0055618079057,2,96.67,56.1,7841.9,131.79,10,1449.9,1449.9,131.9,,P008,2.05,20.35262942272522
560.3493683946234,0,100.0,0.0,6137.0,101.11,10,1197.4,1197.4,186.3,,P009,2.05,28.744940691705768
568.2676174905449,0,100.0,0.0,6253.0,107.08,10,1211.2,1211.2,140.4,,P010,2.05,21.6552631828516
660.5970113951972,1,98.33,109.7,7787.3,129.26,10,1494.3,1494.3,201.6,,P011,2.05,31.105245508699607
538.6395582877425,0,100.0,0.0,5814.0,100.87,10,1144.0,1144.0,135.3,,P012,2.05,20.86530303968496
601.9266100477486,0,100.0,0.0,5845.0,101.92,10,1211.6,1211.6,192.4,,P013,2.05,29.675083235472044
557.4986450179723,1,98.33,39.1,5982.9,107.24,10,1163.9,1163.9,91.5,,P014,2.05,14.116508971390557
143.07298407733305,0,100.0,0.0,1373.0,23.67,10,285.6,285.6,48.9,,P015,2.05,7.541847721453443
327.57781062913506,0,100.0,0.0,3097.0,56.47,10,650.7,650.7,86.0,,P016,2.05,13.270595581085496
219.70171403405914,0,100.0,0.0,2371.0,40.93,10,482.3,482.3,73.1,,P017,2.05,11.271076302843104
489.11155065946866,0,100.0,0.0,5010.0,91.28,10,1020.0,1020.0,107.1,,P018,2.05,16.52544647305118
223.05689085715173,1,98.33,32.3,1911.7,34.56,10,413.7,413.7,68.1,,P019,2.05,10.502267732765807
167.59493051728168,0,100.0,0.0,1138.0,22.08,10,287.5,287.5,66.7,,P020,2.05,10.29062667669514
501.0853070024071,0,100.0,0.0,4891.0,85.99,10,1003.8,1003.8,144.0,,P021,2.05,22.208084100592476
384.18690817969144,1,98.33,34.0,4418.0,73.48,10,852.0,852.0,117.2,,P022,2.05,18.079240309471995
432.4716888420349,0,100.0,0.0,4102.0,72.9,10,843.2,843.2,114.1,,P023,2.05,17.607857965075166
698.7136770277367,0,100.0,0.0,8005.0,133.05,10,1531.9,1531.9,201.4,,P024,2.05,31.070039767417594
481.3622588120142,0,100.0,0.0,5050.0,90.15,10,1009.2,1009.2,107.8,,P025,2.05,16.6251247330455
584.7239379502721,1,98.33,16.3,7197.7,117.52,10,1348.7,1348.7,173.5,,P026,2.05,26.76268459209602
417.5845547337787,0,100.0,0.0,4024.0,71.8,10,844.6,844.6,126.6,,P027,2.05,19.536590055217047
253.04156985239237,0,100.0,0.0,2080.0,37.89,10,469.5,469.5,90.6,,P028,2.05,13.969966929850669
540.288167122556,0,100.0,0.0,4844.0,87.36,10,1043.0,1043.0,169.5,,P029,2.05,26.140103381777763
269.09113065381104,0,100.0,0.0,2208.0,39.37,10,508.0,508.0,114.2,,P030,2.05,17.623246423272583
688.9475824892708,1,98.33,28.7,8174.3,133.27,10,1533.3,1533.3,200.6,,P031,2.05,30.945068231198658
458.5292084970819,0,100.0,0.0,4867.0,86.64,10,959.4,959.4,93.1,,P032,2.05,14.355496173002507
408.0202744432346,1,98.33,0.0,4220.0,70.89,10,842.0,842.0,133.1,,P033,2.05,20.53337591176773
191.48899171867296,0,100.0,0.0,1980.0,36.0,10,403.5,403.5,43.6,,P034,2.05,6.720928240615928
277.598155188561,0,100.0,0.0,3049.0,53.17,10,601.4,601.4,69.7,,P035,2.05,10.757279147785539
491.68521878004117,0,100.0,0.0,4885.0,86.24,10,1019.5,1019.5,157.1,,P036,2.05,24.23908850978253
232.58058752097386,0,100.0,0.0,1840.0,33.18,10,423.5,423.5,91.7,,P037,2.05,14.143677177186717
215.86959903895334,0,100.0,0.0,2635.0,44.9,10,494.9,494.9,45.9,,P038,2.05,7.0741749359798085
342.2490931614546,0,100.0,0.0,3030.0,56.88,10,654.6,654.6,85.8,,P039,2.05,13.235780195583885
388.3360849109616,0,100.0,0.0,3838.0,65.46,10,786.9,786.9,132.2,,P040,2.05,20.399374788999893
