check_type,metric,missing_count,negative_count,mean,std,min,max,standardized_mean_shift,MAE,RMSE,sMAPE_%,WAPE_%
data_quality,demand,0,0,0.4047017482720567,0.9367401282937348,0.0,24.0,,,,,
data_quality,lag_1,36,0,0.40455020920502094,0.936700785036202,0.0,24.0,,,,,
data_quality,lag_7,252,0,0.4040311297656523,0.9364725878592509,0.0,24.0,,,,,
data_quality,lag_14,504,0,0.4033848224211573,0.9342817346177372,0.0,24.0,,,,,
data_quality,lag_28,1008,0,0.402858826996758,0.9351466524140125,0.0,24.0,,,,,
distribution_shift,demand,0,0,0.5287698412698413,1.0313678476388395,0.0,14.0,0.13464306795950476,,,,
distribution_shift,lag_1,0,0,0.5218253968253969,1.0238078742257044,0.0,14.0,0.12725913088302274,,,,
distribution_shift,lag_7,0,0,0.5287698412698413,1.0589223103643923,0.0,14.0,0.1354851898028325,,,,
distribution_shift,lag_14,0,0,0.5158730158730159,0.9044445215150246,0.0,12.0,0.12215770386036155,,,,
distribution_shift,lag_28,0,0,0.5198412698412699,0.9185299633372536,0.0,12.0,0.12696206405760474,,,,
model_performance,Gradient Boosting,0,0,0.4707452622219298,0.2731600763191408,0.0374846309739671,1.8483177185589572,,0.6016251255322833,0.982701581261113,160.06647041789876,113.77826013818793
model_performance,Seasonal Naive,0,0,0.5873015873015873,1.1002874174998967,0.0,12.0,,0.6934523809523809,1.4032982689884683,79.01585848014419,131.14446529080675
